"Numero_Documento__c","Codigo_Materia","ID_Importacion","Anio_Lectivo","ERROR"
"45147679","GEN-101","45147679_GEN-101_2024-1","2024-1","Value does not exist or does not match filter criteria."
"33789545","DAT-201","33789545_DAT-201_2024-1","2024-1","Value does not exist or does not match filter criteria."
"34250668","DEV-101","34250668_DEV-101_2024-1","2024-1","Value does not exist or does not match filter criteria."
"41943395","GEN-101","41943395_GEN-101_2024-1","2024-1","Value does not exist or does not match filter criteria."
"37706458","IA-300","37706458_IA-300_2024-1","2024-1","Value does not exist or does not match filter criteria."
"30309712","NEG-400","30309712_NEG-400_2024-1","2024-1","Value does not exist or does not match filter criteria."
"43539600","NEG-400","43539600_NEG-400_2024-1","2024-1","Value does not exist or does not match filter criteria."
"32343092","MKT-200","32343092_MKT-200_2024-1","2024-1","Value does not exist or does not match filter criteria."
"45688788","DAT-201","45688788_DAT-201_2024-1","2024-1","Value does not exist or does not match filter criteria."
"45130131","IA-300","45130131_IA-300_2024-1","2024-1","Value does not exist or does not match filter criteria."
"41111676","DAT-201","41111676_DAT-201_2024-1","2024-1","Value does not exist or does not match filter criteria."
"44047721","MKT-200","44047721_MKT-200_2024-1","2024-1","Value does not exist or does not match filter criteria."
"37513790","UX-100","37513790_UX-100_2024-1","2024-1","Value does not exist or does not match filter criteria."
"43449566","DEV-101","43449566_DEV-101_2024-1","2024-1","Value does not exist or does not match filter criteria."
"31303564","DAT-201","31303564_DAT-201_2024-1","2024-1","Value does not exist or does not match filter criteria."
"39074649","DEV-101","39074649_DEV-101_2024-1","2024-1","Value does not exist or does not match filter criteria."
"30542692","NEG-400","30542692_NEG-400_2024-1","2024-1","Value does not exist or does not match filter criteria."
"34508314","NEG-400","34508314_NEG-400_2024-1","2024-1","Value does not exist or does not match filter criteria."
"38811418","NEG-400","38811418_NEG-400_2024-1","2024-1","Value does not exist or does not match filter criteria."
"35891432","DAT-101","35891432_DAT-101_2024-1","2024-1","Value does not exist or does not match filter criteria."
"36163868","DAT-101","36163868_DAT-101_2024-1","2024-1","Value does not exist or does not match filter criteria."
"38677145","DEV-101","38677145_DEV-101_2024-1","2024-1","Value does not exist or does not match filter criteria."
"32971550","UX-100","32971550_UX-100_2024-1","2024-1","Value does not exist or does not match filter criteria."
"30348701","IA-300","30348701_IA-300_2024-1","2024-1","Value does not exist or does not match filter criteria."
"41944353","DAT-101","41944353_DAT-101_2024-1","2024-1","Value does not exist or does not match filter criteria."
"44313136","DAT-101","44313136_DAT-101_2024-1","2024-1","Value does not exist or does not match filter criteria."
"31763113","UX-100","31763113_UX-100_2024-1","2024-1","Value does not exist or does not match filter criteria."
"37085503","DEV-101","37085503_DEV-101_2024-1","2024-1","Value does not exist or does not match filter criteria."
"40578248","MKT-200","40578248_MKT-200_2024-1","2024-1","Value does not exist or does not match filter criteria."
"33541682","UX-100","33541682_UX-100_2024-1","2024-1","Value does not exist or does not match filter criteria."
"44012569","GEN-101","44012569_GEN-101_2024-1","2024-1","Value does not exist or does not match filter criteria."
"42500015","DAT-101","42500015_DAT-101_2024-1","2024-1","Value does not exist or does not match filter criteria."
"45840080","DAT-101","45840080_DAT-101_2024-1","2024-1","Value does not exist or does not match filter criteria."
"35376871","NEG-400","35376871_NEG-400_2024-1","2024-1","Value does not exist or does not match filter criteria."
"39696052","GEN-101","39696052_GEN-101_2024-1","2024-1","Value does not exist or does not match filter criteria."
"30117903","IA-300","30117903_IA-300_2024-1","2024-1","Value does not exist or does not match filter criteria."
"41068300","IA-300","41068300_IA-300_2024-1","2024-1","Value does not exist or does not match filter criteria."
"35620137","NEG-400","35620137_NEG-400_2024-1","2024-1","Value does not exist or does not match filter criteria."
"38207316","DEV-101","38207316_DEV-101_2024-1","2024-1","Value does not exist or does not match filter criteria."
"42254691","IA-300","42254691_IA-300_2024-1","2024-1","Value does not exist or does not match filter criteria."
"44635112","IA-300","44635112_IA-300_2024-1","2024-1","Value does not exist or does not match filter criteria."
"41289550","UX-100","41289550_UX-100_2024-1","2024-1","Value does not exist or does not match filter criteria."
"45656190","DAT-101","45656190_DAT-101_2024-1","2024-1","Value does not exist or does not match filter criteria."
"31621161","MKT-200","31621161_MKT-200_2024-1","2024-1","Value does not exist or does not match filter criteria."
"42845702","MKT-200","42845702_MKT-200_2024-1","2024-1","Value does not exist or does not match filter criteria."
"35420584","IA-300","35420584_IA-300_2024-1","2024-1","Value does not exist or does not match filter criteria."
"36369209","UX-100","36369209_UX-100_2024-1","2024-1","Value does not exist or does not match filter criteria."
"43625205","UX-100","43625205_UX-100_2024-1","2024-1","Value does not exist or does not match filter criteria."
"44094966","DAT-201","44094966_DAT-201_2024-1","2024-1","Value does not exist or does not match filter criteria."
"35824110","GEN-101","35824110_GEN-101_2024-1","2024-1","Value does not exist or does not match filter criteria."
"40033579","UX-100","40033579_UX-100_2024-1","2024-1","Value does not exist or does not match filter criteria."
"38194575","DAT-101","38194575_DAT-101_2024-1","2024-1","Value does not exist or does not match filter criteria."
"33952849","DAT-201","33952849_DAT-201_2024-1","2024-1","Value does not exist or does not match filter criteria."
"32991581","GEN-101","32991581_GEN-101_2024-1","2024-1","Value does not exist or does not match filter criteria."
"41885509","NEG-400","41885509_NEG-400_2024-1","2024-1","Value does not exist or does not match filter criteria."
"33838303","GEN-101","33838303_GEN-101_2024-1","2024-1","Value does not exist or does not match filter criteria."
"36279807","NEG-400","36279807_NEG-400_2024-1","2024-1","Value does not exist or does not match filter criteria."
"42208457","DAT-201","42208457_DAT-201_2024-1","2024-1","Value does not exist or does not match filter criteria."
"38750180","UX-100","38750180_UX-100_2024-1","2024-1","Value does not exist or does not match filter criteria."
"37222211","DEV-101","37222211_DEV-101_2024-1","2024-1","Value does not exist or does not match filter criteria."
"38645258","MKT-200","38645258_MKT-200_2024-1","2024-1","Value does not exist or does not match filter criteria."
"37604035","DAT-201","37604035_DAT-201_2024-1","2024-1","Value does not exist or does not match filter criteria."
"32160000","DEV-101","32160000_DEV-101_2024-1","2024-1","Value does not exist or does not match filter criteria."
"38223982","UX-100","38223982_UX-100_2024-1","2024-1","Value does not exist or does not match filter criteria."
"41289550","MKT-200","41289550_MKT-200_2024-1","2024-1","Value does not exist or does not match filter criteria."
"33081027","UX-100","33081027_UX-100_2024-1","2024-1","Value does not exist or does not match filter criteria."
"32349994","UX-100","32349994_UX-100_2024-1","2024-1","Value does not exist or does not match filter criteria."
"34636803","MKT-200","34636803_MKT-200_2024-1","2024-1","Value does not exist or does not match filter criteria."
"38629655","IA-300","38629655_IA-300_2024-1","2024-1","Value does not exist or does not match filter criteria."
"36015798","UX-100","36015798_UX-100_2024-1","2024-1","Value does not exist or does not match filter criteria."
"37951141","DAT-101","37951141_DAT-101_2024-1","2024-1","Value does not exist or does not match filter criteria."
"39734889","GEN-101","39734889_GEN-101_2024-1","2024-1","Value does not exist or does not match filter criteria."
"41134242","GEN-101","41134242_GEN-101_2024-1","2024-1","Value does not exist or does not match filter criteria."
"31379964","GEN-101","31379964_GEN-101_2024-1","2024-1","Value does not exist or does not match filter criteria."
"45752068","DAT-101","45752068_DAT-101_2024-1","2024-1","Value does not exist or does not match filter criteria."
"37795993","DEV-101","37795993_DEV-101_2024-1","2024-1","Value does not exist or does not match filter criteria."
"36128228","MKT-200","36128228_MKT-200_2024-1","2024-1","Value does not exist or does not match filter criteria."
"33155313","DAT-101","33155313_DAT-101_2024-1","2024-1","Value does not exist or does not match filter criteria."
"31187731","MKT-200","31187731_MKT-200_2024-1","2024-1","Value does not exist or does not match filter criteria."
"30507337","IA-300","30507337_IA-300_2024-1","2024-1","Value does not exist or does not match filter criteria."
"33195960","GEN-101","33195960_GEN-101_2024-1","2024-1","Value does not exist or does not match filter criteria."
"35524090","MKT-200","35524090_MKT-200_2024-1","2024-1","Value does not exist or does not match filter criteria."
"35081927","DAT-201","35081927_DAT-201_2024-1","2024-1","Value does not exist or does not match filter criteria."
"35845730","NEG-400","35845730_NEG-400_2024-1","2024-1","Value does not exist or does not match filter criteria."
"42574929","IA-300","42574929_IA-300_2024-1","2024-1","Value does not exist or does not match filter criteria."
"31370404","GEN-101","31370404_GEN-101_2024-1","2024-1","Value does not exist or does not match filter criteria."
"35915007","DAT-201","35915007_DAT-201_2024-1","2024-1","Value does not exist or does not match filter criteria."
"35589315","DEV-101","35589315_DEV-101_2024-1","2024-1","Value does not exist or does not match filter criteria."
"32200927","MKT-200","32200927_MKT-200_2024-1","2024-1","Value does not exist or does not match filter criteria."
"42305779","DAT-101","42305779_DAT-101_2024-1","2024-1","Value does not exist or does not match filter criteria."
"40988877","NEG-400","40988877_NEG-400_2024-1","2024-1","Value does not exist or does not match filter criteria."
"32150912","GEN-101","32150912_GEN-101_2024-1","2024-1","Value does not exist or does not match filter criteria."
"34471842","NEG-400","34471842_NEG-400_2024-1","2024-1","Value does not exist or does not match filter criteria."
"33988348","NEG-400","33988348_NEG-400_2024-1","2024-1","Value does not exist or does not match filter criteria."
"31554768","IA-300","31554768_IA-300_2024-1","2024-1","Value does not exist or does not match filter criteria."
"41754338","IA-300","41754338_IA-300_2024-1","2024-1","Value does not exist or does not match filter criteria."
"32474711","IA-300","32474711_IA-300_2024-1","2024-1","Value does not exist or does not match filter criteria."
"41591741","NEG-400","41591741_NEG-400_2024-1","2024-1","Value does not exist or does not match filter criteria."
"36117422","DAT-101","36117422_DAT-101_2024-1","2024-1","Value does not exist or does not match filter criteria."
"36005534","DAT-101","36005534_DAT-101_2024-1","2024-1","Value does not exist or does not match filter criteria."
"32088271","MKT-200","32088271_MKT-200_2024-1","2024-1","Value does not exist or does not match filter criteria."
"37795993","GEN-101","37795993_GEN-101_2024-1","2024-1","Value does not exist or does not match filter criteria."
"37706458","MKT-200","37706458_MKT-200_2024-1","2024-1","Value does not exist or does not match filter criteria."
"42254691","DAT-201","42254691_DAT-201_2024-1","2024-1","Value does not exist or does not match filter criteria."
"42208457","UX-100","42208457_UX-100_2024-1","2024-1","Value does not exist or does not match filter criteria."
"32349994","MKT-200","32349994_MKT-200_2024-1","2024-1","Value does not exist or does not match filter criteria."
"38194575","DAT-201","38194575_DAT-201_2024-1","2024-1","Value does not exist or does not match filter criteria."
"40578248","DAT-201","40578248_DAT-201_2024-1","2024-1","Value does not exist or does not match filter criteria."
"36163868","GEN-101","36163868_GEN-101_2024-1","2024-1","Value does not exist or does not match filter criteria."
"42500015","IA-300","42500015_IA-300_2024-1","2024-1","Value does not exist or does not match filter criteria."
"41943395","IA-300","41943395_IA-300_2024-1","2024-1","Value does not exist or does not match filter criteria."
"34508314","GEN-101","34508314_GEN-101_2024-1","2024-1","Value does not exist or does not match filter criteria."
"30309712","MKT-200","30309712_MKT-200_2024-1","2024-1","Value does not exist or does not match filter criteria."
"38750180","MKT-200","38750180_MKT-200_2024-1","2024-1","Value does not exist or does not match filter criteria."
"42208457","GEN-101","42208457_GEN-101_2024-1","2024-1","Value does not exist or does not match filter criteria."
"34508314","IA-300","34508314_IA-300_2024-1","2024-1","Value does not exist or does not match filter criteria."
"30348701","GEN-101","30348701_GEN-101_2024-1","2024-1","Value does not exist or does not match filter criteria."
"38223982","DAT-101","38223982_DAT-101_2024-1","2024-1","Value does not exist or does not match filter criteria."
"34508314","UX-100","34508314_UX-100_2024-1","2024-1","Value does not exist or does not match filter criteria."
"31370404","DAT-201","31370404_DAT-201_2024-1","2024-1","Value does not exist or does not match filter criteria."
"37706458","DAT-101","37706458_DAT-101_2024-1","2024-1","Value does not exist or does not match filter criteria."
"35620137","IA-300","35620137_IA-300_2024-1","2024-1","Value does not exist or does not match filter criteria."
"35845730","MKT-200","35845730_MKT-200_2024-1","2024-1","Value does not exist or does not match filter criteria."
"32349994","IA-300","32349994_IA-300_2024-1","2024-1","Value does not exist or does not match filter criteria."
"33155313","DEV-101","33155313_DEV-101_2024-1","2024-1","Value does not exist or does not match filter criteria."
"42574929","DAT-101","42574929_DAT-101_2024-1","2024-1","Value does not exist or does not match filter criteria."
"32343092","NEG-400","32343092_NEG-400_2024-1","2024-1","Value does not exist or does not match filter criteria."
"37795993","DAT-101","37795993_DAT-101_2024-1","2024-1","Value does not exist or does not match filter criteria."
"41885509","MKT-200","41885509_MKT-200_2024-1","2024-1","Value does not exist or does not match filter criteria."
"45752068","GEN-101","45752068_GEN-101_2024-1","2024-1","Value does not exist or does not match filter criteria."
"31370404","IA-300","31370404_IA-300_2024-1","2024-1","Value does not exist or does not match filter criteria."
"41943395","DAT-101","41943395_DAT-101_2024-1","2024-1","Value does not exist or does not match filter criteria."
"34636803","IA-300","34636803_IA-300_2024-1","2024-1","Value does not exist or does not match filter criteria."
"40578248","IA-300","40578248_IA-300_2024-1","2024-1","Value does not exist or does not match filter criteria."
"42208457","DAT-101","42208457_DAT-101_2024-1","2024-1","Value does not exist or does not match filter criteria."
"36369209","DAT-201","36369209_DAT-201_2024-1","2024-1","Value does not exist or does not match filter criteria."
"35891432","IA-300","35891432_IA-300_2024-1","2024-1","Value does not exist or does not match filter criteria."
"43539600","GEN-101","43539600_GEN-101_2024-1","2024-1","Value does not exist or does not match filter criteria."
"41111676","NEG-400","41111676_NEG-400_2024-1","2024-1","Value does not exist or does not match filter criteria."
"31379964","NEG-400","31379964_NEG-400_2024-1","2024-1","Value does not exist or does not match filter criteria."
"37604035","NEG-400","37604035_NEG-400_2024-1","2024-1","Value does not exist or does not match filter criteria."
"30309712","DAT-101","30309712_DAT-101_2024-1","2024-1","Value does not exist or does not match filter criteria."
"35589315","DAT-201","35589315_DAT-201_2024-1","2024-1","Value does not exist or does not match filter criteria."
"36163868","IA-300","36163868_IA-300_2024-1","2024-1","Value does not exist or does not match filter criteria."
"34250668","MKT-200","34250668_MKT-200_2024-1","2024-1","Value does not exist or does not match filter criteria."
"31621161","IA-300","31621161_IA-300_2024-1","2024-1","Value does not exist or does not match filter criteria."
"32971550","IA-300","32971550_IA-300_2024-1","2024-1","Value does not exist or does not match filter criteria."
"33541682","IA-300","33541682_IA-300_2024-1","2024-1","Value does not exist or does not match filter criteria."
"44047721","DAT-201","44047721_DAT-201_2024-1","2024-1","Value does not exist or does not match filter criteria."
"38207316","GEN-101","38207316_GEN-101_2024-1","2024-1","Value does not exist or does not match filter criteria."
"42500015","MKT-200","42500015_MKT-200_2024-1","2024-1","Value does not exist or does not match filter criteria."
"34636803","GEN-101","34636803_GEN-101_2024-1","2024-1","Value does not exist or does not match filter criteria."
"33081027","MKT-200","33081027_MKT-200_2024-1","2024-1","Value does not exist or does not match filter criteria."
"35620137","DEV-101","35620137_DEV-101_2024-1","2024-1","Value does not exist or does not match filter criteria."
"39734889","UX-100","39734889_UX-100_2024-1","2024-1","Value does not exist or does not match filter criteria."
"30507337","DEV-101","30507337_DEV-101_2024-1","2024-1","Value does not exist or does not match filter criteria."
"31379964","IA-300","31379964_IA-300_2024-1","2024-1","Value does not exist or does not match filter criteria."
"35376871","MKT-200","35376871_MKT-200_2024-1","2024-1","Value does not exist or does not match filter criteria."
"35524090","DAT-201","35524090_DAT-201_2024-1","2024-1","Value does not exist or does not match filter criteria."
"31621161","DEV-101","31621161_DEV-101_2024-1","2024-1","Value does not exist or does not match filter criteria."
"31187731","IA-300","31187731_IA-300_2024-1","2024-1","Value does not exist or does not match filter criteria."
"37706458","DAT-201","37706458_DAT-201_2024-1","2024-1","Value does not exist or does not match filter criteria."
"43625205","DEV-101","43625205_DEV-101_2024-1","2024-1","Value does not exist or does not match filter criteria."
"32474711","MKT-200","32474711_MKT-200_2024-2","2024-2","Value does not exist or does not match filter criteria."
"37706458","GEN-101","37706458_GEN-101_2024-2","2024-2","Value does not exist or does not match filter criteria."
"33838303","MKT-200","33838303_MKT-200_2024-2","2024-2","Value does not exist or does not match filter criteria."
"37222211","UX-100","37222211_UX-100_2024-2","2024-2","Value does not exist or does not match filter criteria."
"35420584","DAT-201","35420584_DAT-201_2024-2","2024-2","Value does not exist or does not match filter criteria."
"44047721","UX-100","44047721_UX-100_2024-2","2024-2","Value does not exist or does not match filter criteria."
"36128228","DAT-101","36128228_DAT-101_2024-2","2024-2","Value does not exist or does not match filter criteria."
"44094966","DAT-201","44094966_DAT-201_2024-2","2024-2","Value does not exist or does not match filter criteria."
"36163868","DAT-101","36163868_DAT-101_2024-2","2024-2","Value does not exist or does not match filter criteria."
"41943395","DEV-101","41943395_DEV-101_2024-2","2024-2","Value does not exist or does not match filter criteria."
"43625205","DAT-101","43625205_DAT-101_2024-2","2024-2","Value does not exist or does not match filter criteria."
"34636803","IA-300","34636803_IA-300_2024-2","2024-2","Value does not exist or does not match filter criteria."
"35589315","DAT-201","35589315_DAT-201_2024-2","2024-2","Value does not exist or does not match filter criteria."
"31763113","GEN-101","31763113_GEN-101_2024-2","2024-2","Value does not exist or does not match filter criteria."
"36279807","DAT-101","36279807_DAT-101_2024-2","2024-2","Value does not exist or does not match filter criteria."
"42208457","MKT-200","42208457_MKT-200_2024-2","2024-2","Value does not exist or does not match filter criteria."
"32474711","GEN-101","32474711_GEN-101_2024-2","2024-2","Value does not exist or does not match filter criteria."
"41754338","IA-300","41754338_IA-300_2024-2","2024-2","Value does not exist or does not match filter criteria."
"35589315","DEV-101","35589315_DEV-101_2024-2","2024-2","Value does not exist or does not match filter criteria."
"45840080","GEN-101","45840080_GEN-101_2024-2","2024-2","Value does not exist or does not match filter criteria."
"45130131","MKT-200","45130131_MKT-200_2024-2","2024-2","Value does not exist or does not match filter criteria."
"36005534","UX-100","36005534_UX-100_2024-2","2024-2","Value does not exist or does not match filter criteria."
"30117903","IA-300","30117903_IA-300_2024-2","2024-2","Value does not exist or does not match filter criteria."
"41943395","UX-100","41943395_UX-100_2024-2","2024-2","Value does not exist or does not match filter criteria."
"31554768","DEV-101","31554768_DEV-101_2024-2","2024-2","Value does not exist or does not match filter criteria."
"40578248","DEV-101","40578248_DEV-101_2024-2","2024-2","Value does not exist or does not match filter criteria."
"35589315","GEN-101","35589315_GEN-101_2024-2","2024-2","Value does not exist or does not match filter criteria."
"43539600","MKT-200","43539600_MKT-200_2024-2","2024-2","Value does not exist or does not match filter criteria."
"35891432","NEG-400","35891432_NEG-400_2024-2","2024-2","Value does not exist or does not match filter criteria."
"32991581","MKT-200","32991581_MKT-200_2024-2","2024-2","Value does not exist or does not match filter criteria."
"40988877","GEN-101","40988877_GEN-101_2024-2","2024-2","Value does not exist or does not match filter criteria."
"38811418","GEN-101","38811418_GEN-101_2024-2","2024-2","Value does not exist or does not match filter criteria."
"31554768","DAT-101","31554768_DAT-101_2024-2","2024-2","Value does not exist or does not match filter criteria."
"33988348","IA-300","33988348_IA-300_2024-2","2024-2","Value does not exist or does not match filter criteria."
"34250668","GEN-101","34250668_GEN-101_2024-2","2024-2","Value does not exist or does not match filter criteria."
"45130131","DAT-101","45130131_DAT-101_2024-2","2024-2","Value does not exist or does not match filter criteria."
"36163868","GEN-101","36163868_GEN-101_2024-2","2024-2","Value does not exist or does not match filter criteria."
"30117903","DAT-201","30117903_DAT-201_2024-2","2024-2","Value does not exist or does not match filter criteria."
"31187731","NEG-400","31187731_NEG-400_2024-2","2024-2","Value does not exist or does not match filter criteria."
"34508314","IA-300","34508314_IA-300_2024-2","2024-2","Value does not exist or does not match filter criteria."
"33155313","NEG-400","33155313_NEG-400_2024-2","2024-2","Value does not exist or does not match filter criteria."
"43539600","GEN-101","43539600_GEN-101_2024-2","2024-2","Value does not exist or does not match filter criteria."
"43449566","UX-100","43449566_UX-100_2024-2","2024-2","Value does not exist or does not match filter criteria."
"39696052","DAT-101","39696052_DAT-101_2024-2","2024-2","Value does not exist or does not match filter criteria."
"30117903","DEV-101","30117903_DEV-101_2024-2","2024-2","Value does not exist or does not match filter criteria."
"43625205","GEN-101","43625205_GEN-101_2024-2","2024-2","Value does not exist or does not match filter criteria."
"33081027","DAT-201","33081027_DAT-201_2024-2","2024-2","Value does not exist or does not match filter criteria."
"39696052","DEV-101","39696052_DEV-101_2024-2","2024-2","Value does not exist or does not match filter criteria."
"35891432","DEV-101","35891432_DEV-101_2024-2","2024-2","Value does not exist or does not match filter criteria."
"31379964","IA-300","31379964_IA-300_2024-2","2024-2","Value does not exist or does not match filter criteria."
"40988877","DEV-101","40988877_DEV-101_2024-2","2024-2","Value does not exist or does not match filter criteria."
"40578248","IA-300","40578248_IA-300_2024-2","2024-2","Value does not exist or does not match filter criteria."
"36279807","MKT-200","36279807_MKT-200_2024-2","2024-2","Value does not exist or does not match filter criteria."
"32349994","IA-300","32349994_IA-300_2024-2","2024-2","Value does not exist or does not match filter criteria."
"34471842","GEN-101","34471842_GEN-101_2024-2","2024-2","Value does not exist or does not match filter criteria."
"39734889","DAT-101","39734889_DAT-101_2024-2","2024-2","Value does not exist or does not match filter criteria."
"45688788","GEN-101","45688788_GEN-101_2024-2","2024-2","Value does not exist or does not match filter criteria."
"33081027","DAT-101","33081027_DAT-101_2024-2","2024-2","Value does not exist or does not match filter criteria."
"37706458","DAT-101","37706458_DAT-101_2024-2","2024-2","Value does not exist or does not match filter criteria."
"37795993","GEN-101","37795993_GEN-101_2024-2","2024-2","Value does not exist or does not match filter criteria."
"35589315","IA-300","35589315_IA-300_2024-2","2024-2","Value does not exist or does not match filter criteria."
"41944353","IA-300","41944353_IA-300_2024-2","2024-2","Value does not exist or does not match filter criteria."
"35915007","UX-100","35915007_UX-100_2024-2","2024-2","Value does not exist or does not match filter criteria."
"32349994","GEN-101","32349994_GEN-101_2024-2","2024-2","Value does not exist or does not match filter criteria."
"34250668","MKT-200","34250668_MKT-200_2024-2","2024-2","Value does not exist or does not match filter criteria."
"35824110","NEG-400","35824110_NEG-400_2024-2","2024-2","Value does not exist or does not match filter criteria."
"38223982","GEN-101","38223982_GEN-101_2024-2","2024-2","Value does not exist or does not match filter criteria."
"42305779","GEN-101","42305779_GEN-101_2024-2","2024-2","Value does not exist or does not match filter criteria."
"45147679","MKT-200","45147679_MKT-200_2024-2","2024-2","Value does not exist or does not match filter criteria."
"41134242","GEN-101","41134242_GEN-101_2024-2","2024-2","Value does not exist or does not match filter criteria."
"34636803","DAT-201","34636803_DAT-201_2024-2","2024-2","Value does not exist or does not match filter criteria."
"31554768","DAT-201","31554768_DAT-201_2024-2","2024-2","Value does not exist or does not match filter criteria."
"37513790","IA-300","37513790_IA-300_2024-2","2024-2","Value does not exist or does not match filter criteria."
"35589315","UX-100","35589315_UX-100_2024-2","2024-2","Value does not exist or does not match filter criteria."
"32200927","MKT-200","32200927_MKT-200_2024-2","2024-2","Value does not exist or does not match filter criteria."
"45130131","GEN-101","45130131_GEN-101_2024-2","2024-2","Value does not exist or does not match filter criteria."
"45147679","DAT-201","45147679_DAT-201_2024-2","2024-2","Value does not exist or does not match filter criteria."
"32160000","IA-300","32160000_IA-300_2024-2","2024-2","Value does not exist or does not match filter criteria."
"37604035","MKT-200","37604035_MKT-200_2024-2","2024-2","Value does not exist or does not match filter criteria."
"35891432","DAT-101","35891432_DAT-101_2024-2","2024-2","Value does not exist or does not match filter criteria."
"32160000","DAT-201","32160000_DAT-201_2024-2","2024-2","Value does not exist or does not match filter criteria."
"34508314","UX-100","34508314_UX-100_2024-2","2024-2","Value does not exist or does not match filter criteria."
"32991581","DAT-101","32991581_DAT-101_2024-2","2024-2","Value does not exist or does not match filter criteria."
"33541682","DAT-201","33541682_DAT-201_2024-2","2024-2","Value does not exist or does not match filter criteria."
"30542692","GEN-101","30542692_GEN-101_2024-2","2024-2","Value does not exist or does not match filter criteria."
"37604035","UX-100","37604035_UX-100_2024-2","2024-2","Value does not exist or does not match filter criteria."
"30348701","GEN-101","30348701_GEN-101_2024-2","2024-2","Value does not exist or does not match filter criteria."
"45840080","DEV-101","45840080_DEV-101_2024-2","2024-2","Value does not exist or does not match filter criteria."
"31370404","IA-300","31370404_IA-300_2024-2","2024-2","Value does not exist or does not match filter criteria."
"36279807","UX-100","36279807_UX-100_2024-2","2024-2","Value does not exist or does not match filter criteria."
"35420584","UX-100","35420584_UX-100_2024-2","2024-2","Value does not exist or does not match filter criteria."
"37706458","UX-100","37706458_UX-100_2024-2","2024-2","Value does not exist or does not match filter criteria."
"33789545","IA-300","33789545_IA-300_2024-2","2024-2","Value does not exist or does not match filter criteria."
"35081927","GEN-101","35081927_GEN-101_2024-2","2024-2","Value does not exist or does not match filter criteria."
"44047721","DAT-101","44047721_DAT-101_2024-2","2024-2","Value does not exist or does not match filter criteria."
"37222211","GEN-101","37222211_GEN-101_2024-2","2024-2","Value does not exist or does not match filter criteria."
"39074649","NEG-400","39074649_NEG-400_2024-2","2024-2","Value does not exist or does not match filter criteria."
"41111676","IA-300","41111676_IA-300_2024-2","2024-2","Value does not exist or does not match filter criteria."
"34223113","IA-400","34223113_IA-400_2025-1","2025-1","Value does not exist or does not match filter criteria."
"41907942","NEG-400","41907942_NEG-400_2025-1","2025-1","Value does not exist or does not match filter criteria."
"31153469","UX-100","31153469_UX-100_2025-1","2025-1","Value does not exist or does not match filter criteria."
"36511898","DAT-305","36511898_DAT-305_2025-1","2025-1","Value does not exist or does not match filter criteria."
"44383216","UX-100","44383216_UX-100_2025-1","2025-1","Value does not exist or does not match filter criteria."
"40284355","NEG-400","40284355_NEG-400_2025-1","2025-1","Value does not exist or does not match filter criteria."
"46410216","GEN-101","46410216_GEN-101_2025-1","2025-1","Value does not exist or does not match filter criteria."
"44844263","UX-100","44844263_UX-100_2025-1","2025-1","Value does not exist or does not match filter criteria."
"40833222","DAT-305","40833222_DAT-305_2025-1","2025-1","Value does not exist or does not match filter criteria."
"40852091","DAT-305","40852091_DAT-305_2025-1","2025-1","Value does not exist or does not match filter criteria."
"43342517","DAT-305","43342517_DAT-305_2025-1","2025-1","Value does not exist or does not match filter criteria."
"44730308","NEG-400","44730308_NEG-400_2025-1","2025-1","Value does not exist or does not match filter criteria."
"44445238","DAT-101","44445238_DAT-101_2025-1","2025-1","Value does not exist or does not match filter criteria."
"40269989","DAT-201","40269989_DAT-201_2025-1","2025-1","Value does not exist or does not match filter criteria."
"30277884","MKT-200","30277884_MKT-200_2025-1","2025-1","Value does not exist or does not match filter criteria."
"35310111","DAT-305","35310111_DAT-305_2025-1","2025-1","Value does not exist or does not match filter criteria."
"33362152","DAT-201","33362152_DAT-201_2025-1","2025-1","Value does not exist or does not match filter criteria."
"40204911","DEV-101","40204911_DEV-101_2025-1","2025-1","Value does not exist or does not match filter criteria."
"47320705","NEG-400","47320705_NEG-400_2025-1","2025-1","Value does not exist or does not match filter criteria."
"44724307","DAT-101","44724307_DAT-101_2025-1","2025-1","Value does not exist or does not match filter criteria."
"41016204","DAT-305","41016204_DAT-305_2025-1","2025-1","Value does not exist or does not match filter criteria."
"32844429","DAT-305","32844429_DAT-305_2025-1","2025-1","Value does not exist or does not match filter criteria."
"44286872","GEN-101","44286872_GEN-101_2025-1","2025-1","Value does not exist or does not match filter criteria."
"37090862","DAT-201","37090862_DAT-201_2025-1","2025-1","Value does not exist or does not match filter criteria."
"32027618","GEN-101","32027618_GEN-101_2025-1","2025-1","Value does not exist or does not match filter criteria."
"45280236","DEV-101","45280236_DEV-101_2025-1","2025-1","Value does not exist or does not match filter criteria."
"30224289","MKT-200","30224289_MKT-200_2025-1","2025-1","Value does not exist or does not match filter criteria."
"40437078","DAT-101","40437078_DAT-101_2025-1","2025-1","Value does not exist or does not match filter criteria."
"30808375","UX-100","30808375_UX-100_2025-1","2025-1","Value does not exist or does not match filter criteria."
"34223113","DAT-101","34223113_DAT-101_2025-1","2025-1","Value does not exist or does not match filter criteria."
"37412229","IA-400","37412229_IA-400_2025-1","2025-1","Value does not exist or does not match filter criteria."
"33697024","MKT-200","33697024_MKT-200_2025-1","2025-1","Value does not exist or does not match filter criteria."
"30520054","DEV-101","30520054_DEV-101_2025-1","2025-1","Value does not exist or does not match filter criteria."
"35077928","IA-400","35077928_IA-400_2025-1","2025-1","Value does not exist or does not match filter criteria."
"44343339","DAT-201","44343339_DAT-201_2025-1","2025-1","Value does not exist or does not match filter criteria."
"43729856","NEG-400","43729856_NEG-400_2025-1","2025-1","Value does not exist or does not match filter criteria."
"31445923","IA-300","31445923_IA-300_2025-1","2025-1","Value does not exist or does not match filter criteria."
"38405437","IA-300","38405437_IA-300_2025-1","2025-1","Value does not exist or does not match filter criteria."
"46585675","IA-300","46585675_IA-300_2025-1","2025-1","Value does not exist or does not match filter criteria."
"40235116","DAT-201","40235116_DAT-201_2025-1","2025-1","Value does not exist or does not match filter criteria."
"31221480","IA-400","31221480_IA-400_2025-1","2025-1","Value does not exist or does not match filter criteria."
"40104822","MKT-200","40104822_MKT-200_2025-1","2025-1","Value does not exist or does not match filter criteria."
"37639684","DAT-305","37639684_DAT-305_2025-1","2025-1","Value does not exist or does not match filter criteria."
"33800391","IA-300","33800391_IA-300_2025-1","2025-1","Value does not exist or does not match filter criteria."
"44415606","GEN-101","44415606_GEN-101_2025-1","2025-1","Value does not exist or does not match filter criteria."
"31136038","DAT-201","31136038_DAT-201_2025-1","2025-1","Value does not exist or does not match filter criteria."
"32459600","DAT-101","32459600_DAT-101_2025-1","2025-1","Value does not exist or does not match filter criteria."
"33568791","IA-300","33568791_IA-300_2025-1","2025-1","Value does not exist or does not match filter criteria."
"43507384","DAT-101","43507384_DAT-101_2025-1","2025-1","Value does not exist or does not match filter criteria."
"32604998","IA-400","32604998_IA-400_2025-1","2025-1","Value does not exist or does not match filter criteria."
"44544802","IA-300","44544802_IA-300_2025-1","2025-1","Value does not exist or does not match filter criteria."
"33418893","GEN-101","33418893_GEN-101_2025-1","2025-1","Value does not exist or does not match filter criteria."
"33201122","DAT-101","33201122_DAT-101_2025-1","2025-1","Value does not exist or does not match filter criteria."
"33792064","DAT-101","33792064_DAT-101_2025-1","2025-1","Value does not exist or does not match filter criteria."
"31786305","NEG-400","31786305_NEG-400_2025-1","2025-1","Value does not exist or does not match filter criteria."
"43678310","DAT-305","43678310_DAT-305_2025-1","2025-1","Value does not exist or does not match filter criteria."
"43690930","DAT-101","43690930_DAT-101_2025-1","2025-1","Value does not exist or does not match filter criteria."
"31221561","GEN-101","31221561_GEN-101_2025-1","2025-1","Value does not exist or does not match filter criteria."
"47731681","DAT-305","47731681_DAT-305_2025-1","2025-1","Value does not exist or does not match filter criteria."
"41016204","UX-100","41016204_UX-100_2025-1","2025-1","Value does not exist or does not match filter criteria."
"37799625","DEV-101","37799625_DEV-101_2025-1","2025-1","Value does not exist or does not match filter criteria."
"46890428","DEV-101","46890428_DEV-101_2025-1","2025-1","Value does not exist or does not match filter criteria."
"34316765","DAT-305","34316765_DAT-305_2025-1","2025-1","Value does not exist or does not match filter criteria."
"32935035","DAT-101","32935035_DAT-101_2025-1","2025-1","Value does not exist or does not match filter criteria."
"44190336","DAT-305","44190336_DAT-305_2025-1","2025-1","Value does not exist or does not match filter criteria."
"40175984","IA-400","40175984_IA-400_2025-1","2025-1","Value does not exist or does not match filter criteria."
"31239788","DEV-101","31239788_DEV-101_2025-1","2025-1","Value does not exist or does not match filter criteria."
"30674136","NEG-400","30674136_NEG-400_2025-1","2025-1","Value does not exist or does not match filter criteria."
"44197978","IA-400","44197978_IA-400_2025-1","2025-1","Value does not exist or does not match filter criteria."
"45663240","GEN-101","45663240_GEN-101_2025-1","2025-1","Value does not exist or does not match filter criteria."
"36996781","IA-400","36996781_IA-400_2025-1","2025-1","Value does not exist or does not match filter criteria."
"33518284","DAT-201","33518284_DAT-201_2025-1","2025-1","Value does not exist or does not match filter criteria."
"38714246","IA-300","38714246_IA-300_2025-1","2025-1","Value does not exist or does not match filter criteria."
"33614240","GEN-101","33614240_GEN-101_2025-1","2025-1","Value does not exist or does not match filter criteria."
"47075635","DAT-305","47075635_DAT-305_2025-1","2025-1","Value does not exist or does not match filter criteria."
"38040781","NEG-400","38040781_NEG-400_2025-1","2025-1","Value does not exist or does not match filter criteria."
"34364066","NEG-400","34364066_NEG-400_2025-1","2025-1","Value does not exist or does not match filter criteria."
"43558573","DAT-201","43558573_DAT-201_2025-1","2025-1","Value does not exist or does not match filter criteria."
"45280236","NEG-400","45280236_NEG-400_2025-1","2025-1","Value does not exist or does not match filter criteria."
"32270986","MKT-200","32270986_MKT-200_2025-1","2025-1","Value does not exist or does not match filter criteria."
"45225711","UX-100","45225711_UX-100_2025-1","2025-1","Value does not exist or does not match filter criteria."
"46193548","DAT-305","46193548_DAT-305_2025-1","2025-1","Value does not exist or does not match filter criteria."
"43037722","DAT-101","43037722_DAT-101_2025-1","2025-1","Value does not exist or does not match filter criteria."
"36742732","DAT-101","36742732_DAT-101_2025-1","2025-1","Value does not exist or does not match filter criteria."
"37091816","DAT-305","37091816_DAT-305_2025-1","2025-1","Value does not exist or does not match filter criteria."
"43871938","DEV-101","43871938_DEV-101_2025-1","2025-1","Value does not exist or does not match filter criteria."
"37335497","IA-400","37335497_IA-400_2025-1","2025-1","Value does not exist or does not match filter criteria."
"37639684","DAT-101","37639684_DAT-101_2025-1","2025-1","Value does not exist or does not match filter criteria."
"44086116","UX-100","44086116_UX-100_2025-1","2025-1","Value does not exist or does not match filter criteria."
"31681085","DEV-101","31681085_DEV-101_2025-1","2025-1","Value does not exist or does not match filter criteria."
"41785959","IA-300","41785959_IA-300_2025-1","2025-1","Value does not exist or does not match filter criteria."
"47223646","DAT-101","47223646_DAT-101_2025-1","2025-1","Value does not exist or does not match filter criteria."
"35844073","NEG-400","35844073_NEG-400_2025-1","2025-1","Value does not exist or does not match filter criteria."
"34341037","IA-400","34341037_IA-400_2025-1","2025-1","Value does not exist or does not match filter criteria."
"44476887","GEN-101","44476887_GEN-101_2025-1","2025-1","Value does not exist or does not match filter criteria."
"37412229","DEV-101","37412229_DEV-101_2025-1","2025-1","Value does not exist or does not match filter criteria."
"45311516","IA-400","45311516_IA-400_2025-1","2025-1","Value does not exist or does not match filter criteria."
"45368291","UX-100","45368291_UX-100_2025-1","2025-1","Value does not exist or does not match filter criteria."
"39796864","IA-400","39796864_IA-400_2025-1","2025-1","Value does not exist or does not match filter criteria."
"43652049","NEG-400","43652049_NEG-400_2025-1","2025-1","Value does not exist or does not match filter criteria."
"31332769","UX-100","31332769_UX-100_2025-1","2025-1","Value does not exist or does not match filter criteria."
"36219416","MKT-200","36219416_MKT-200_2025-1","2025-1","Value does not exist or does not match filter criteria."
"47221206","GEN-101","47221206_GEN-101_2025-1","2025-1","Value does not exist or does not match filter criteria."
"31239788","GEN-101","31239788_GEN-101_2025-1","2025-1","Value does not exist or does not match filter criteria."
"30301798","DEV-101","30301798_DEV-101_2025-1","2025-1","Value does not exist or does not match filter criteria."
"31848115","DAT-305","31848115_DAT-305_2025-1","2025-1","Value does not exist or does not match filter criteria."
"47075635","UX-100","47075635_UX-100_2025-1","2025-1","Value does not exist or does not match filter criteria."
"46193548","IA-400","46193548_IA-400_2025-1","2025-1","Value does not exist or does not match filter criteria."
"31332769","NEG-400","31332769_NEG-400_2025-1","2025-1","Value does not exist or does not match filter criteria."
"31681085","UX-100","31681085_UX-100_2025-1","2025-1","Value does not exist or does not match filter criteria."
"33201122","DAT-305","33201122_DAT-305_2025-1","2025-1","Value does not exist or does not match filter criteria."
"46193548","DAT-201","46193548_DAT-201_2025-1","2025-1","Value does not exist or does not match filter criteria."
"47221206","DAT-201","47221206_DAT-201_2025-1","2025-1","Value does not exist or does not match filter criteria."
"34316765","NEG-400","34316765_NEG-400_2025-1","2025-1","Value does not exist or does not match filter criteria."
"43690930","GEN-101","43690930_GEN-101_2025-1","2025-1","Value does not exist or does not match filter criteria."
"31153469","IA-400","31153469_IA-400_2025-1","2025-1","Value does not exist or does not match filter criteria."
"37799625","GEN-101","37799625_GEN-101_2025-1","2025-1","Value does not exist or does not match filter criteria."
"43558573","GEN-101","43558573_GEN-101_2025-1","2025-1","Value does not exist or does not match filter criteria."
"45311516","IA-300","45311516_IA-300_2025-1","2025-1","Value does not exist or does not match filter criteria."
"33362152","IA-300","33362152_IA-300_2025-1","2025-1","Value does not exist or does not match filter criteria."
"43652049","DAT-101","43652049_DAT-101_2025-1","2025-1","Value does not exist or does not match filter criteria."
"37639684","MKT-200","37639684_MKT-200_2025-1","2025-1","Value does not exist or does not match filter criteria."
"35077928","DAT-305","35077928_DAT-305_2025-1","2025-1","Value does not exist or does not match filter criteria."
"44730308","DAT-305","44730308_DAT-305_2025-1","2025-1","Value does not exist or does not match filter criteria."
"31848115","IA-400","31848115_IA-400_2025-1","2025-1","Value does not exist or does not match filter criteria."
"33568791","DAT-305","33568791_DAT-305_2025-1","2025-1","Value does not exist or does not match filter criteria."
"41785959","GEN-101","41785959_GEN-101_2025-1","2025-1","Value does not exist or does not match filter criteria."
"46890428","DAT-101","46890428_DAT-101_2025-1","2025-1","Value does not exist or does not match filter criteria."
"36996781","GEN-101","36996781_GEN-101_2025-1","2025-1","Value does not exist or does not match filter criteria."
"44190336","MKT-200","44190336_MKT-200_2025-1","2025-1","Value does not exist or does not match filter criteria."
"33418893","DAT-101","33418893_DAT-101_2025-1","2025-1","Value does not exist or does not match filter criteria."
"33362152","NEG-400","33362152_NEG-400_2025-1","2025-1","Value does not exist or does not match filter criteria."
"32935035","DEV-101","32935035_DEV-101_2025-1","2025-1","Value does not exist or does not match filter criteria."
"32459600","UX-100","32459600_UX-100_2025-1","2025-1","Value does not exist or does not match filter criteria."
"31153469","NEG-400","31153469_NEG-400_2025-1","2025-1","Value does not exist or does not match filter criteria."
"31445923","DEV-101","31445923_DEV-101_2025-1","2025-1","Value does not exist or does not match filter criteria."
"46193548","DAT-101","46193548_DAT-101_2025-1","2025-1","Value does not exist or does not match filter criteria."
"36996781","DAT-101","36996781_DAT-101_2025-1","2025-1","Value does not exist or does not match filter criteria."
"33614240","IA-400","33614240_IA-400_2025-1","2025-1","Value does not exist or does not match filter criteria."
"43558573","MKT-200","43558573_MKT-200_2025-1","2025-1","Value does not exist or does not match filter criteria."
"43678310","DAT-201","43678310_DAT-201_2025-1","2025-1","Value does not exist or does not match filter criteria."
"31239788","IA-400","31239788_IA-400_2025-1","2025-1","Value does not exist or does not match filter criteria."
"36511898","GEN-101","36511898_GEN-101_2025-1","2025-1","Value does not exist or does not match filter criteria."
"40235116","MKT-200","40235116_MKT-200_2025-1","2025-1","Value does not exist or does not match filter criteria."
"33418893","DAT-201","33418893_DAT-201_2025-1","2025-1","Value does not exist or does not match filter criteria."
"43871938","DAT-305","43871938_DAT-305_2025-1","2025-1","Value does not exist or does not match filter criteria."
"46585675","DEV-101","46585675_DEV-101_2025-1","2025-1","Value does not exist or does not match filter criteria."
"40204911","MKT-200","40204911_MKT-200_2025-1","2025-1","Value does not exist or does not match filter criteria."
"34316765","GEN-101","34316765_GEN-101_2025-1","2025-1","Value does not exist or does not match filter criteria."
"40175984","UX-100","40175984_UX-100_2025-1","2025-1","Value does not exist or does not match filter criteria."
"41016204","DAT-201","41016204_DAT-201_2025-1","2025-1","Value does not exist or does not match filter criteria."
"30520054","MKT-200","30520054_MKT-200_2025-1","2025-1","Value does not exist or does not match filter criteria."
"35077928","GEN-101","35077928_GEN-101_2025-1","2025-1","Value does not exist or does not match filter criteria."
"37412229","UX-100","37412229_UX-100_2025-1","2025-1","Value does not exist or does not match filter criteria."
"37335497","NEG-400","37335497_NEG-400_2025-1","2025-1","Value does not exist or does not match filter criteria."
"45663240","DAT-305","45663240_DAT-305_2025-1","2025-1","Value does not exist or does not match filter criteria."
"30301798","DAT-101","30301798_DAT-101_2025-1","2025-1","Value does not exist or does not match filter criteria."
"43507384","IA-400","43507384_IA-400_2025-1","2025-1","Value does not exist or does not match filter criteria."
"43652049","MKT-200","43652049_MKT-200_2025-1","2025-1","Value does not exist or does not match filter criteria."
"37090862","UX-100","37090862_UX-100_2025-1","2025-1","Value does not exist or does not match filter criteria."
"32027618","UX-100","32027618_UX-100_2025-1","2025-1","Value does not exist or does not match filter criteria."
"30301798","IA-400","30301798_IA-400_2025-1","2025-1","Value does not exist or does not match filter criteria."
"43871938","IA-400","43871938_IA-400_2025-1","2025-1","Value does not exist or does not match filter criteria."
"44197978","UX-100","44197978_UX-100_2025-1","2025-1","Value does not exist or does not match filter criteria."
"31221480","UX-100","31221480_UX-100_2025-1","2025-1","Value does not exist or does not match filter criteria."
"31221480","DAT-305","31221480_DAT-305_2025-1","2025-1","Value does not exist or does not match filter criteria."
"46410216","NEG-400","46410216_NEG-400_2025-1","2025-1","Value does not exist or does not match filter criteria."
"32027618","DAT-305","32027618_DAT-305_2025-1","2025-1","Value does not exist or does not match filter criteria."
"31332769","DAT-305","31332769_DAT-305_2025-1","2025-1","Value does not exist or does not match filter criteria."
"43342517","MKT-200","43342517_MKT-200_2025-1","2025-1","Value does not exist or does not match filter criteria."
"45280236","DAT-201","45280236_DAT-201_2025-1","2025-1","Value does not exist or does not match filter criteria."
"47221206","DEV-101","47221206_DEV-101_2025-1","2025-1","Value does not exist or does not match filter criteria."
"44286872","MKT-200","44286872_MKT-200_2025-1","2025-1","Value does not exist or does not match filter criteria."
"31221561","IA-400","31221561_IA-400_2025-1","2025-1","Value does not exist or does not match filter criteria."
"37412229","IA-300","37412229_IA-300_2025-1","2025-1","Value does not exist or does not match filter criteria."
"44190336","UX-100","44190336_UX-100_2025-1","2025-1","Value does not exist or does not match filter criteria."
"34341037","GEN-101","34341037_GEN-101_2025-1","2025-1","Value does not exist or does not match filter criteria."
"44343339","DAT-305","44343339_DAT-305_2025-1","2025-1","Value does not exist or does not match filter criteria."
"37639684","NEG-400","37639684_NEG-400_2025-1","2025-1","Value does not exist or does not match filter criteria."
"34341037","IA-300","34341037_IA-300_2025-1","2025-1","Value does not exist or does not match filter criteria."
"38714246","DAT-201","38714246_DAT-201_2025-1","2025-1","Value does not exist or does not match filter criteria."
"43652049","DAT-201","43652049_DAT-201_2025-1","2025-1","Value does not exist or does not match filter criteria."
"33800391","DAT-201","33800391_DAT-201_2025-1","2025-1","Value does not exist or does not match filter criteria."
"43558573","UX-100","43558573_UX-100_2025-1","2025-1","Value does not exist or does not match filter criteria."
"44724307","DAT-305","44724307_DAT-305_2025-1","2025-1","Value does not exist or does not match filter criteria."
"32604998","DEV-101","32604998_DEV-101_2025-1","2025-1","Value does not exist or does not match filter criteria."
"33614240","DEV-101","33614240_DEV-101_2025-1","2025-1","Value does not exist or does not match filter criteria."
"38405437","MKT-200","38405437_MKT-200_2025-1","2025-1","Value does not exist or does not match filter criteria."
"30808375","DAT-201","30808375_DAT-201_2025-1","2025-1","Value does not exist or does not match filter criteria."
"32935035","UX-100","32935035_UX-100_2025-1","2025-1","Value does not exist or does not match filter criteria."
"31332769","GEN-101","31332769_GEN-101_2025-1","2025-1","Value does not exist or does not match filter criteria."
"44197978","IA-300","44197978_IA-300_2025-1","2025-1","Value does not exist or does not match filter criteria."
"40204911","DAT-305","40204911_DAT-305_2025-1","2025-1","Value does not exist or does not match filter criteria."
"31681085","MKT-200","31681085_MKT-200_2025-1","2025-1","Value does not exist or does not match filter criteria."
"31136038","NEG-400","31136038_NEG-400_2025-1","2025-1","Value does not exist or does not match filter criteria."
"40852091","MKT-200","40852091_MKT-200_2025-1","2025-1","Value does not exist or does not match filter criteria."
"32459600","IA-300","32459600_IA-300_2025-1","2025-1","Value does not exist or does not match filter criteria."
"45663240","MKT-200","45663240_MKT-200_2025-1","2025-1","Value does not exist or does not match filter criteria."
"30224289","GEN-101","30224289_GEN-101_2025-1","2025-1","Value does not exist or does not match filter criteria."
"39796864","GEN-101","39796864_GEN-101_2025-1","2025-1","Value does not exist or does not match filter criteria."
"34364066","MKT-200","34364066_MKT-200_2025-1","2025-1","Value does not exist or does not match filter criteria."
"32027618","IA-300","32027618_IA-300_2025-1","2025-1","Value does not exist or does not match filter criteria."
"43037722","DAT-201","43037722_DAT-201_2025-1","2025-1","Value does not exist or does not match filter criteria."
"45663240","DAT-101","45663240_DAT-101_2025-1","2025-1","Value does not exist or does not match filter criteria."
"33800391","GEN-101","33800391_GEN-101_2025-1","2025-1","Value does not exist or does not match filter criteria."
"34223113","IA-300","34223113_IA-300_2025-1","2025-1","Value does not exist or does not match filter criteria."
"45225711","DEV-101","45225711_DEV-101_2025-1","2025-1","Value does not exist or does not match filter criteria."
"30277884","GEN-101","30277884_GEN-101_2025-1","2025-1","Value does not exist or does not match filter criteria."
"43871938","DAT-101","43871938_DAT-101_2025-1","2025-1","Value does not exist or does not match filter criteria."
"30808375","DEV-101","30808375_DEV-101_2025-1","2025-1","Value does not exist or does not match filter criteria."
"43678310","DAT-101","43678310_DAT-101_2025-1","2025-1","Value does not exist or does not match filter criteria."
"33418893","IA-400","33418893_IA-400_2025-1","2025-1","Value does not exist or does not match filter criteria."
"45311516","DAT-101","45311516_DAT-101_2025-1","2025-1","Value does not exist or does not match filter criteria."
"30301798","IA-300","30301798_IA-300_2025-1","2025-1","Value does not exist or does not match filter criteria."
"45225711","GEN-101","45225711_GEN-101_2025-1","2025-1","Value does not exist or does not match filter criteria."
"46585675","DAT-101","46585675_DAT-101_2025-1","2025-1","Value does not exist or does not match filter criteria."
"46890428","DAT-305","46890428_DAT-305_2025-1","2025-1","Value does not exist or does not match filter criteria."
"30301798","GEN-101","30301798_GEN-101_2025-1","2025-1","Value does not exist or does not match filter criteria."
"37412229","GEN-101","37412229_GEN-101_2025-1","2025-1","Value does not exist or does not match filter criteria."
"44197978","DAT-201","44197978_DAT-201_2025-1","2025-1","Value does not exist or does not match filter criteria."
"41016204","GEN-101","41016204_GEN-101_2025-1","2025-1","Value does not exist or does not match filter criteria."
"45225711","DAT-101","45225711_DAT-101_2025-1","2025-1","Value does not exist or does not match filter criteria."
"38405437","DAT-305","38405437_DAT-305_2025-1","2025-1","Value does not exist or does not match filter criteria."
"37412229","DAT-201","37412229_DAT-201_2025-1","2025-1","Value does not exist or does not match filter criteria."
"47075635","IA-300","47075635_IA-300_2025-1","2025-1","Value does not exist or does not match filter criteria."
"32844429","NEG-400","32844429_NEG-400_2025-1","2025-1","Value does not exist or does not match filter criteria."
"45225711","NEG-400","45225711_NEG-400_2025-1","2025-1","Value does not exist or does not match filter criteria."
"40104822","DEV-101","40104822_DEV-101_2025-1","2025-1","Value does not exist or does not match filter criteria."
"44086116","IA-300","44086116_IA-300_2025-1","2025-1","Value does not exist or does not match filter criteria."
"43037722","MKT-200","43037722_MKT-200_2025-1","2025-1","Value does not exist or does not match filter criteria."
"30277884","DAT-305","30277884_DAT-305_2025-1","2025-1","Value does not exist or does not match filter criteria."
"43652049","IA-300","43652049_IA-300_2025-1","2025-1","Value does not exist or does not match filter criteria."
"47075635","IA-400","47075635_IA-400_2025-1","2025-1","Value does not exist or does not match filter criteria."
"40852091","UX-100","40852091_UX-100_2025-1","2025-1","Value does not exist or does not match filter criteria."
"34364066","GEN-101","34364066_GEN-101_2025-1","2025-1","Value does not exist or does not match filter criteria."
"37091816","GEN-101","37091816_GEN-101_2025-1","2025-1","Value does not exist or does not match filter criteria."
"41907942","DAT-201","41907942_DAT-201_2025-1","2025-1","Value does not exist or does not match filter criteria."
"31332769","MKT-200","31332769_MKT-200_2025-1","2025-1","Value does not exist or does not match filter criteria."
"41016204","MKT-200","41016204_MKT-200_2025-1","2025-1","Value does not exist or does not match filter criteria."
"39796864","IA-300","39796864_IA-300_2025-1","2025-1","Value does not exist or does not match filter criteria."
"40284355","IA-300","40284355_IA-300_2025-1","2025-1","Value does not exist or does not match filter criteria."
"40852091","IA-300","40852091_IA-300_2025-1","2025-1","Value does not exist or does not match filter criteria."
"41785959","DAT-101","41785959_DAT-101_2025-1","2025-1","Value does not exist or does not match filter criteria."
"40284355","IA-400","40284355_IA-400_2025-1","2025-1","Value does not exist or does not match filter criteria."
"30224289","IA-300","30224289_IA-300_2025-1","2025-1","Value does not exist or does not match filter criteria."
"40833222","IA-400","40833222_IA-400_2025-2","2025-2","Value does not exist or does not match filter criteria."
"47731681","GEN-101","47731681_GEN-101_2025-2","2025-2","Value does not exist or does not match filter criteria."
"37335497","DEV-101","37335497_DEV-101_2025-2","2025-2","Value does not exist or does not match filter criteria."
"45663240","IA-300","45663240_IA-300_2025-2","2025-2","Value does not exist or does not match filter criteria."
"33418893","GEN-101","33418893_GEN-101_2025-2","2025-2","Value does not exist or does not match filter criteria."
"44415606","DEV-101","44415606_DEV-101_2025-2","2025-2","Value does not exist or does not match filter criteria."
"31221480","GEN-101","31221480_GEN-101_2025-2","2025-2","Value does not exist or does not match filter criteria."
"44476887","IA-400","44476887_IA-400_2025-2","2025-2","Value does not exist or does not match filter criteria."
"34223113","NEG-400","34223113_NEG-400_2025-2","2025-2","Value does not exist or does not match filter criteria."
"36511898","DEV-101","36511898_DEV-101_2025-2","2025-2","Value does not exist or does not match filter criteria."
"44730308","MKT-200","44730308_MKT-200_2025-2","2025-2","Value does not exist or does not match filter criteria."
"33201122","IA-300","33201122_IA-300_2025-2","2025-2","Value does not exist or does not match filter criteria."
"41785959","DAT-305","41785959_DAT-305_2025-2","2025-2","Value does not exist or does not match filter criteria."
"44445238","DAT-201","44445238_DAT-201_2025-2","2025-2","Value does not exist or does not match filter criteria."
"37335497","GEN-101","37335497_GEN-101_2025-2","2025-2","Value does not exist or does not match filter criteria."
"44286872","DEV-101","44286872_DEV-101_2025-2","2025-2","Value does not exist or does not match filter criteria."
"44844263","IA-400","44844263_IA-400_2025-2","2025-2","Value does not exist or does not match filter criteria."
"45663240","DEV-101","45663240_DEV-101_2025-2","2025-2","Value does not exist or does not match filter criteria."
"41907942","IA-300","41907942_IA-300_2025-2","2025-2","Value does not exist or does not match filter criteria."
"40284355","DAT-201","40284355_DAT-201_2025-2","2025-2","Value does not exist or does not match filter criteria."
"37090862","IA-300","37090862_IA-300_2025-2","2025-2","Value does not exist or does not match filter criteria."
"33201122","UX-100","33201122_UX-100_2025-2","2025-2","Value does not exist or does not match filter criteria."
"33614240","DAT-101","33614240_DAT-101_2025-2","2025-2","Value does not exist or does not match filter criteria."
"32935035","GEN-101","32935035_GEN-101_2025-2","2025-2","Value does not exist or does not match filter criteria."
"31848115","IA-400","31848115_IA-400_2025-2","2025-2","Value does not exist or does not match filter criteria."
"43678310","DEV-101","43678310_DEV-101_2025-2","2025-2","Value does not exist or does not match filter criteria."
"37090862","DEV-101","37090862_DEV-101_2025-2","2025-2","Value does not exist or does not match filter criteria."
"35310111","IA-400","35310111_IA-400_2025-2","2025-2","Value does not exist or does not match filter criteria."
"40235116","IA-300","40235116_IA-300_2025-2","2025-2","Value does not exist or does not match filter criteria."
"41907942","MKT-200","41907942_MKT-200_2025-2","2025-2","Value does not exist or does not match filter criteria."
"32604998","DEV-101","32604998_DEV-101_2025-2","2025-2","Value does not exist or does not match filter criteria."
"32459600","DAT-305","32459600_DAT-305_2025-2","2025-2","Value does not exist or does not match filter criteria."
"33800391","MKT-200","33800391_MKT-200_2025-2","2025-2","Value does not exist or does not match filter criteria."
"31445923","DEV-101","31445923_DEV-101_2025-2","2025-2","Value does not exist or does not match filter criteria."
"34316765","IA-300","34316765_IA-300_2025-2","2025-2","Value does not exist or does not match filter criteria."
"45225711","DAT-305","45225711_DAT-305_2025-2","2025-2","Value does not exist or does not match filter criteria."
"37412229","DAT-101","37412229_DAT-101_2025-2","2025-2","Value does not exist or does not match filter criteria."
"43037722","DEV-101","43037722_DEV-101_2025-2","2025-2","Value does not exist or does not match filter criteria."
"38405437","DAT-101","38405437_DAT-101_2025-2","2025-2","Value does not exist or does not match filter criteria."
"44197978","UX-100","44197978_UX-100_2025-2","2025-2","Value does not exist or does not match filter criteria."
"33697024","GEN-101","33697024_GEN-101_2025-2","2025-2","Value does not exist or does not match filter criteria."
"32844429","UX-100","32844429_UX-100_2025-2","2025-2","Value does not exist or does not match filter criteria."
"43690930","DAT-201","43690930_DAT-201_2025-2","2025-2","Value does not exist or does not match filter criteria."
"44724307","IA-300","44724307_IA-300_2025-2","2025-2","Value does not exist or does not match filter criteria."
"36219416","DAT-101","36219416_DAT-101_2025-2","2025-2","Value does not exist or does not match filter criteria."
"37335497","MKT-200","37335497_MKT-200_2025-2","2025-2","Value does not exist or does not match filter criteria."
"37799625","DAT-201","37799625_DAT-201_2025-2","2025-2","Value does not exist or does not match filter criteria."
"45311516","IA-300","45311516_IA-300_2025-2","2025-2","Value does not exist or does not match filter criteria."
"33518284","MKT-200","33518284_MKT-200_2025-2","2025-2","Value does not exist or does not match filter criteria."
"38714246","UX-100","38714246_UX-100_2025-2","2025-2","Value does not exist or does not match filter criteria."
"31221561","DAT-305","31221561_DAT-305_2025-2","2025-2","Value does not exist or does not match filter criteria."
"37091816","NEG-400","37091816_NEG-400_2025-2","2025-2","Value does not exist or does not match filter criteria."
"31221480","IA-300","31221480_IA-300_2025-2","2025-2","Value does not exist or does not match filter criteria."
"47221206","MKT-200","47221206_MKT-200_2025-2","2025-2","Value does not exist or does not match filter criteria."
"32027618","UX-100","32027618_UX-100_2025-2","2025-2","Value does not exist or does not match filter criteria."
"43342517","IA-400","43342517_IA-400_2025-2","2025-2","Value does not exist or does not match filter criteria."
"31332769","MKT-200","31332769_MKT-200_2025-2","2025-2","Value does not exist or does not match filter criteria."
"43690930","UX-100","43690930_UX-100_2025-2","2025-2","Value does not exist or does not match filter criteria."
"40175984","UX-100","40175984_UX-100_2025-2","2025-2","Value does not exist or does not match filter criteria."
"33362152","IA-300","33362152_IA-300_2025-2","2025-2","Value does not exist or does not match filter criteria."
"36511898","DAT-201","36511898_DAT-201_2025-2","2025-2","Value does not exist or does not match filter criteria."
"44476887","NEG-400","44476887_NEG-400_2025-2","2025-2","Value does not exist or does not match filter criteria."
"35077928","MKT-200","35077928_MKT-200_2025-2","2025-2","Value does not exist or does not match filter criteria."
"31848115","DAT-305","31848115_DAT-305_2025-2","2025-2","Value does not exist or does not match filter criteria."
"33614240","IA-300","33614240_IA-300_2025-2","2025-2","Value does not exist or does not match filter criteria."
"35310111","UX-100","35310111_UX-100_2025-2","2025-2","Value does not exist or does not match filter criteria."
"31239788","DAT-101","31239788_DAT-101_2025-2","2025-2","Value does not exist or does not match filter criteria."
"46410216","DEV-101","46410216_DEV-101_2025-2","2025-2","Value does not exist or does not match filter criteria."
"32270986","UX-100","32270986_UX-100_2025-2","2025-2","Value does not exist or does not match filter criteria."
"43037722","IA-400","43037722_IA-400_2025-2","2025-2","Value does not exist or does not match filter criteria."
"44544802","UX-100","44544802_UX-100_2025-2","2025-2","Value does not exist or does not match filter criteria."
"40437078","UX-100","40437078_UX-100_2025-2","2025-2","Value does not exist or does not match filter criteria."
"43037722","DAT-305","43037722_DAT-305_2025-2","2025-2","Value does not exist or does not match filter criteria."
"31136038","UX-100","31136038_UX-100_2025-2","2025-2","Value does not exist or does not match filter criteria."
"45280236","NEG-400","45280236_NEG-400_2025-2","2025-2","Value does not exist or does not match filter criteria."
"47320705","DEV-101","47320705_DEV-101_2025-2","2025-2","Value does not exist or does not match filter criteria."
"45368291","GEN-101","45368291_GEN-101_2025-2","2025-2","Value does not exist or does not match filter criteria."
"44445238","DEV-101","44445238_DEV-101_2025-2","2025-2","Value does not exist or does not match filter criteria."
"31153469","GEN-101","31153469_GEN-101_2025-2","2025-2","Value does not exist or does not match filter criteria."
"45311516","UX-100","45311516_UX-100_2025-2","2025-2","Value does not exist or does not match filter criteria."
"40284355","NEG-400","40284355_NEG-400_2025-2","2025-2","Value does not exist or does not match filter criteria."
"31221561","UX-100","31221561_UX-100_2025-2","2025-2","Value does not exist or does not match filter criteria."
"31681085","NEG-400","31681085_NEG-400_2025-2","2025-2","Value does not exist or does not match filter criteria."
"44343339","IA-300","44343339_IA-300_2025-2","2025-2","Value does not exist or does not match filter criteria."
"31445923","GEN-101","31445923_GEN-101_2025-2","2025-2","Value does not exist or does not match filter criteria."
"33418893","UX-100","33418893_UX-100_2025-2","2025-2","Value does not exist or does not match filter criteria."
"40269989","IA-400","40269989_IA-400_2025-2","2025-2","Value does not exist or does not match filter criteria."
"40437078","DAT-305","40437078_DAT-305_2025-2","2025-2","Value does not exist or does not match filter criteria."
"32270986","IA-300","32270986_IA-300_2025-2","2025-2","Value does not exist or does not match filter criteria."
"31136038","MKT-200","31136038_MKT-200_2025-2","2025-2","Value does not exist or does not match filter criteria."
"44190336","IA-400","44190336_IA-400_2025-2","2025-2","Value does not exist or does not match filter criteria."
"36996781","IA-400","36996781_IA-400_2025-2","2025-2","Value does not exist or does not match filter criteria."
"40235116","IA-400","40235116_IA-400_2025-2","2025-2","Value does not exist or does not match filter criteria."
"46410216","MKT-200","46410216_MKT-200_2025-2","2025-2","Value does not exist or does not match filter criteria."
"43558573","DAT-101","43558573_DAT-101_2025-2","2025-2","Value does not exist or does not match filter criteria."
"39796864","IA-300","39796864_IA-300_2025-2","2025-2","Value does not exist or does not match filter criteria."
"45368291","MKT-200","45368291_MKT-200_2025-2","2025-2","Value does not exist or does not match filter criteria."
"46890428","DEV-101","46890428_DEV-101_2025-2","2025-2","Value does not exist or does not match filter criteria."
"36511898","GEN-101","36511898_GEN-101_2025-2","2025-2","Value does not exist or does not match filter criteria."
"37639684","DEV-101","37639684_DEV-101_2025-2","2025-2","Value does not exist or does not match filter criteria."
"44197978","DAT-201","44197978_DAT-201_2025-2","2025-2","Value does not exist or does not match filter criteria."
"30301798","GEN-101","30301798_GEN-101_2025-2","2025-2","Value does not exist or does not match filter criteria."
"40833222","NEG-400","40833222_NEG-400_2025-2","2025-2","Value does not exist or does not match filter criteria."
"44730308","DAT-305","44730308_DAT-305_2025-2","2025-2","Value does not exist or does not match filter criteria."
"45663240","DAT-201","45663240_DAT-201_2025-2","2025-2","Value does not exist or does not match filter criteria."
"32604998","MKT-200","32604998_MKT-200_2025-2","2025-2","Value does not exist or does not match filter criteria."
"30808375","IA-400","30808375_IA-400_2025-2","2025-2","Value does not exist or does not match filter criteria."
"33518284","GEN-101","33518284_GEN-101_2025-2","2025-2","Value does not exist or does not match filter criteria."
"30224289","DAT-101","30224289_DAT-101_2025-2","2025-2","Value does not exist or does not match filter criteria."
"30520054","MKT-200","30520054_MKT-200_2025-2","2025-2","Value does not exist or does not match filter criteria."
"36511898","MKT-200","36511898_MKT-200_2025-2","2025-2","Value does not exist or does not match filter criteria."
"31332769","IA-300","31332769_IA-300_2025-2","2025-2","Value does not exist or does not match filter criteria."
"44197978","DEV-101","44197978_DEV-101_2025-2","2025-2","Value does not exist or does not match filter criteria."
"44415606","UX-100","44415606_UX-100_2025-2","2025-2","Value does not exist or does not match filter criteria."
"40437078","NEG-400","40437078_NEG-400_2025-2","2025-2","Value does not exist or does not match filter criteria."
"37639684","IA-300","37639684_IA-300_2025-2","2025-2","Value does not exist or does not match filter criteria."
"44190336","NEG-400","44190336_NEG-400_2025-2","2025-2","Value does not exist or does not match filter criteria."
"44343339","GEN-101","44343339_GEN-101_2025-2","2025-2","Value does not exist or does not match filter criteria."
"45280236","MKT-200","45280236_MKT-200_2025-2","2025-2","Value does not exist or does not match filter criteria."
"30808375","NEG-400","30808375_NEG-400_2025-2","2025-2","Value does not exist or does not match filter criteria."
"37335497","IA-300","37335497_IA-300_2025-2","2025-2","Value does not exist or does not match filter criteria."
"37091816","IA-400","37091816_IA-400_2025-2","2025-2","Value does not exist or does not match filter criteria."
"45280236","IA-300","45280236_IA-300_2025-2","2025-2","Value does not exist or does not match filter criteria."
"41907942","DAT-201","41907942_DAT-201_2025-2","2025-2","Value does not exist or does not match filter criteria."
"44544802","DAT-201","44544802_DAT-201_2025-2","2025-2","Value does not exist or does not match filter criteria."
"44197978","DAT-305","44197978_DAT-305_2025-2","2025-2","Value does not exist or does not match filter criteria."
"32459600","DAT-201","32459600_DAT-201_2025-2","2025-2","Value does not exist or does not match filter criteria."
"47075635","DEV-101","47075635_DEV-101_2025-2","2025-2","Value does not exist or does not match filter criteria."
"47320705","UX-100","47320705_UX-100_2025-2","2025-2","Value does not exist or does not match filter criteria."
"44544802","DAT-305","44544802_DAT-305_2025-2","2025-2","Value does not exist or does not match filter criteria."
"31786305","DAT-101","31786305_DAT-101_2025-2","2025-2","Value does not exist or does not match filter criteria."
"33792064","MKT-200","33792064_MKT-200_2025-2","2025-2","Value does not exist or does not match filter criteria."
"45311516","MKT-200","45311516_MKT-200_2025-2","2025-2","Value does not exist or does not match filter criteria."
"45225711","DAT-101","45225711_DAT-101_2025-2","2025-2","Value does not exist or does not match filter criteria."
"46890428","UX-100","46890428_UX-100_2025-2","2025-2","Value does not exist or does not match filter criteria."
"32844429","DEV-101","32844429_DEV-101_2025-2","2025-2","Value does not exist or does not match filter criteria."
"31786305","DAT-305","31786305_DAT-305_2025-2","2025-2","Value does not exist or does not match filter criteria."
"33568791","IA-300","33568791_IA-300_2025-2","2025-2","Value does not exist or does not match filter criteria."
"31332769","UX-100","31332769_UX-100_2025-2","2025-2","Value does not exist or does not match filter criteria."
"33201122","DAT-305","33201122_DAT-305_2025-2","2025-2","Value does not exist or does not match filter criteria."
"40104822","GEN-101","40104822_GEN-101_2025-2","2025-2","Value does not exist or does not match filter criteria."
"40833222","MKT-200","40833222_MKT-200_2025-2","2025-2","Value does not exist or does not match filter criteria."
"33614240","IA-400","33614240_IA-400_2025-2","2025-2","Value does not exist or does not match filter criteria."
"38714246","IA-300","38714246_IA-300_2025-2","2025-2","Value does not exist or does not match filter criteria."
"31848115","IA-300","31848115_IA-300_2025-2","2025-2","Value does not exist or does not match filter criteria."
"40175984","DAT-305","40175984_DAT-305_2025-2","2025-2","Value does not exist or does not match filter criteria."
"32844429","NEG-400","32844429_NEG-400_2025-2","2025-2","Value does not exist or does not match filter criteria."
"43729856","GEN-101","43729856_GEN-101_2025-2","2025-2","Value does not exist or does not match filter criteria."
"40284355","DEV-101","40284355_DEV-101_2025-2","2025-2","Value does not exist or does not match filter criteria."
"40437078","DEV-101","40437078_DEV-101_2025-2","2025-2","Value does not exist or does not match filter criteria."
"44724307","DAT-201","44724307_DAT-201_2025-2","2025-2","Value does not exist or does not match filter criteria."
"41016204","IA-300","41016204_IA-300_2025-2","2025-2","Value does not exist or does not match filter criteria."
"32027618","NEG-400","32027618_NEG-400_2025-2","2025-2","Value does not exist or does not match filter criteria."
"35077928","UX-100","35077928_UX-100_2025-2","2025-2","Value does not exist or does not match filter criteria."
"37799625","DAT-305","37799625_DAT-305_2025-2","2025-2","Value does not exist or does not match filter criteria."
"44544802","GEN-101","44544802_GEN-101_2025-2","2025-2","Value does not exist or does not match filter criteria."
"38714246","MKT-200","38714246_MKT-200_2025-2","2025-2","Value does not exist or does not match filter criteria."
"44730308","NEG-400","44730308_NEG-400_2025-2","2025-2","Value does not exist or does not match filter criteria."
"43507384","DEV-101","43507384_DEV-101_2025-2","2025-2","Value does not exist or does not match filter criteria."
"30674136","UX-100","30674136_UX-100_2025-2","2025-2","Value does not exist or does not match filter criteria."
"36219416","GEN-101","36219416_GEN-101_2025-2","2025-2","Value does not exist or does not match filter criteria."
"33792064","DAT-101","33792064_DAT-101_2025-2","2025-2","Value does not exist or does not match filter criteria."
"43558573","MKT-200","43558573_MKT-200_2025-2","2025-2","Value does not exist or does not match filter criteria."
"31681085","DAT-305","31681085_DAT-305_2025-2","2025-2","Value does not exist or does not match filter criteria."
"43871938","NEG-400","43871938_NEG-400_2025-2","2025-2","Value does not exist or does not match filter criteria."
"30277884","GEN-101","30277884_GEN-101_2025-2","2025-2","Value does not exist or does not match filter criteria."
"43652049","IA-400","43652049_IA-400_2025-2","2025-2","Value does not exist or does not match filter criteria."
"36742732","NEG-400","36742732_NEG-400_2025-2","2025-2","Value does not exist or does not match filter criteria."
"37799625","GEN-101","37799625_GEN-101_2025-2","2025-2","Value does not exist or does not match filter criteria."
"44286872","UX-100","44286872_UX-100_2025-2","2025-2","Value does not exist or does not match filter criteria."
"33201122","MKT-200","33201122_MKT-200_2025-2","2025-2","Value does not exist or does not match filter criteria."
"33800391","GEN-101","33800391_GEN-101_2025-2","2025-2","Value does not exist or does not match filter criteria."
"32027618","MKT-200","32027618_MKT-200_2025-2","2025-2","Value does not exist or does not match filter criteria."
"40235116","DAT-305","40235116_DAT-305_2025-2","2025-2","Value does not exist or does not match filter criteria."
"46410216","NEG-400","46410216_NEG-400_2025-2","2025-2","Value does not exist or does not match filter criteria."
"35844073","DAT-305","35844073_DAT-305_2025-2","2025-2","Value does not exist or does not match filter criteria."
"44190336","DAT-201","44190336_DAT-201_2025-2","2025-2","Value does not exist or does not match filter criteria."
"37091816","IA-300","37091816_IA-300_2025-2","2025-2","Value does not exist or does not match filter criteria."
"31332769","IA-400","31332769_IA-400_2025-2","2025-2","Value does not exist or does not match filter criteria."
"35077928","DEV-101","35077928_DEV-101_2025-2","2025-2","Value does not exist or does not match filter criteria."
"38714246","DEV-101","38714246_DEV-101_2025-2","2025-2","Value does not exist or does not match filter criteria."
"34341037","UX-100","34341037_UX-100_2025-2","2025-2","Value does not exist or does not match filter criteria."
"46890428","GEN-101","46890428_GEN-101_2025-2","2025-2","Value does not exist or does not match filter criteria."
"43558573","GEN-101","43558573_GEN-101_2025-2","2025-2","Value does not exist or does not match filter criteria."
"44286872","NEG-400","44286872_NEG-400_2025-2","2025-2","Value does not exist or does not match filter criteria."
"41016204","DAT-305","41016204_DAT-305_2025-2","2025-2","Value does not exist or does not match filter criteria."
"32935035","NEG-400","32935035_NEG-400_2025-2","2025-2","Value does not exist or does not match filter criteria."
"40833222","IA-300","40833222_IA-300_2025-2","2025-2","Value does not exist or does not match filter criteria."
"40437078","MKT-200","40437078_MKT-200_2025-2","2025-2","Value does not exist or does not match filter criteria."
"44730308","DAT-201","44730308_DAT-201_2025-2","2025-2","Value does not exist or does not match filter criteria."
"34223113","GEN-101","34223113_GEN-101_2025-2","2025-2","Value does not exist or does not match filter criteria."
"43342517","GEN-101","43342517_GEN-101_2025-2","2025-2","Value does not exist or does not match filter criteria."
"31445923","IA-400","31445923_IA-400_2025-2","2025-2","Value does not exist or does not match filter criteria."
"41785959","DAT-101","41785959_DAT-101_2025-2","2025-2","Value does not exist or does not match filter criteria."
"39796864","DAT-101","39796864_DAT-101_2025-2","2025-2","Value does not exist or does not match filter criteria."
"38040781","NEG-400","38040781_NEG-400_2025-2","2025-2","Value does not exist or does not match filter criteria."
"46585675","DAT-101","46585675_DAT-101_2025-2","2025-2","Value does not exist or does not match filter criteria."
"31221480","IA-400","31221480_IA-400_2025-2","2025-2","Value does not exist or does not match filter criteria."
"41016204","MKT-200","41016204_MKT-200_2025-2","2025-2","Value does not exist or does not match filter criteria."
"34316765","GEN-101","34316765_GEN-101_2025-2","2025-2","Value does not exist or does not match filter criteria."
"44343339","MKT-200","44343339_MKT-200_2025-2","2025-2","Value does not exist or does not match filter criteria."
"44343339","IA-400","44343339_IA-400_2025-2","2025-2","Value does not exist or does not match filter criteria."
"38040781","DAT-305","38040781_DAT-305_2025-2","2025-2","Value does not exist or does not match filter criteria."
"34341037","MKT-200","34341037_MKT-200_2025-2","2025-2","Value does not exist or does not match filter criteria."
"44343339","DAT-101","44343339_DAT-101_2025-2","2025-2","Value does not exist or does not match filter criteria."
"41016204","IA-400","41016204_IA-400_2025-2","2025-2","Value does not exist or does not match filter criteria."
"36996781","GEN-101","36996781_GEN-101_2025-2","2025-2","Value does not exist or does not match filter criteria."
"47221206","GEN-101","47221206_GEN-101_2025-2","2025-2","Value does not exist or does not match filter criteria."
"41907942","IA-400","41907942_IA-400_2025-2","2025-2","Value does not exist or does not match filter criteria."
"30674136","IA-400","30674136_IA-400_2025-2","2025-2","Value does not exist or does not match filter criteria."
"43678310","UX-100","43678310_UX-100_2025-2","2025-2","Value does not exist or does not match filter criteria."
"33614240","DAT-201","33614240_DAT-201_2025-2","2025-2","Value does not exist or does not match filter criteria."
"45225711","DEV-101","45225711_DEV-101_2025-2","2025-2","Value does not exist or does not match filter criteria."
"44415606","DAT-201","44415606_DAT-201_2025-2","2025-2","Value does not exist or does not match filter criteria."
"43558573","NEG-400","43558573_NEG-400_2025-2","2025-2","Value does not exist or does not match filter criteria."
"40235116","NEG-400","40235116_NEG-400_2025-2","2025-2","Value does not exist or does not match filter criteria."
"40269989","DAT-305","40269989_DAT-305_2025-2","2025-2","Value does not exist or does not match filter criteria."
"46585675","UX-100","46585675_UX-100_2025-2","2025-2","Value does not exist or does not match filter criteria."
"46890428","IA-300","46890428_IA-300_2025-2","2025-2","Value does not exist or does not match filter criteria."
"40204911","DAT-305","40204911_DAT-305_2025-2","2025-2","Value does not exist or does not match filter criteria."
"35844073","DAT-201","35844073_DAT-201_2025-2","2025-2","Value does not exist or does not match filter criteria."
"33614240","GEN-101","33614240_GEN-101_2025-2","2025-2","Value does not exist or does not match filter criteria."
"35310111","NEG-400","35310111_NEG-400_2025-2","2025-2","Value does not exist or does not match filter criteria."
"46193548","DAT-305","46193548_DAT-305_2025-2","2025-2","Value does not exist or does not match filter criteria."
"31136038","DAT-305","31136038_DAT-305_2025-2","2025-2","Value does not exist or does not match filter criteria."
"33792064","IA-400","33792064_IA-400_2025-2","2025-2","Value does not exist or does not match filter criteria."
"33568791","GEN-101","33568791_GEN-101_2025-2","2025-2","Value does not exist or does not match filter criteria."
"45225711","IA-400","45225711_IA-400_2025-2","2025-2","Value does not exist or does not match filter criteria."
"34364066","IA-300","34364066_IA-300_2025-2","2025-2","Value does not exist or does not match filter criteria."
